<?xml version="1.0"?>
<doc>
    <assembly>
        <name>CODE.Framework.Wpf.Theme.Battleship</name>
    </assembly>
    <members>
        <member name="T:CODE.Framework.Wpf.Theme.Battleship.Classes.BattleshipStandardFeatures">
            <summary>
            Standard features supported by the Battleship theme
            </summary>
        </member>
        <member name="P:CODE.Framework.Wpf.Theme.Battleship.Classes.BattleshipStandardFeatures.StandardViewFactory">
            <summary>Reference to the standard view factory (if supported)</summary>
        </member>
        <member name="T:CODE.Framework.Wpf.Theme.Battleship.Classes.BattleshipStandardViewFactory">
            <summary>Factory to create standard views supported by Battleship</summary>
        </member>
        <member name="M:CODE.Framework.Wpf.Theme.Battleship.Classes.BattleshipStandardViewFactory.GetStandardView(System.String)">
            <summary>Returns a standard view based on the view name as a string</summary>
            <param name="viewName">Standard view name</param>
            <returns>Standard view or null</returns>
        </member>
        <member name="M:CODE.Framework.Wpf.Theme.Battleship.Classes.BattleshipStandardViewFactory.GetStandardView(CODE.Framework.Wpf.Mvvm.StandardViews)">
            <summary>Returns a standard view based on the standard view enumeration</summary>
            <param name="standardView">Standard view identifier</param>
            <returns>Standard view or null</returns>
        </member>
        <member name="T:CODE.Framework.Wpf.Theme.Battleship.Controls.BattleshipMenu">
            <summary>
            Special menu object used in Battleship-style applications
            </summary>
        </member>
        <member name="T:CODE.Framework.Wpf.Theme.Battleship.Standard.Notification">
            <summary>
            Interaction logic for UserControl1.xaml
            </summary>
            <summary>
            Notification
            </summary>
        </member>
        <member name="M:CODE.Framework.Wpf.Theme.Battleship.Standard.Notification.#ctor">
            <summary>
            Initializes a new instance of the <see cref="T:CODE.Framework.Wpf.Theme.Battleship.Standard.Notification"/> class.
            </summary>
        </member>
        <member name="M:CODE.Framework.Wpf.Theme.Battleship.Standard.Notification.InitializeComponent">
            <summary>
            InitializeComponent
            </summary>
        </member>
    </members>
</doc>
